gamma,ndcg,map,diversity,coverage,serendipity,avg_pnl,equity_final,equity_max_drawdown
0.0,0.7321758268928643,0.6405555555555565,0.9143391337303907,1.0,0.03666666666666667,0.00934596270032935,9.66227324118841,-0.7215531308112968
0.1,0.7512238984881018,0.6661111111111123,0.9380676364489037,1.0,0.043333333333333335,0.015260419906957404,57.81691501351031,-0.3619891573454286
0.2,0.7310657717261967,0.6394444444444457,0.9218248132133532,1.0,0.03333333333333333,0.010830741407612818,14.85097035756719,-0.4996358413083153
0.3,0.7294781684404825,0.6372222222222237,0.9078392943949994,1.0,0.03666666666666667,0.0074735910428759475,5.378621768565858,-0.695236935180093
