user_type,ndcg,map,diversity,coverage,serendipity,avg_pnl,equity_final,equity_max_drawdown
conservative,0.7484060610476261,0.6622222222222234,0.9753656468286022,1.0,0.06333333333333334,0.013407518357492093,34.11329288146911,-0.5370570776692672
moderate,0.7421758268928644,0.6538888888888899,0.9180579996786331,1.0,0.04666666666666667,0.011175981420906554,16.730412829283484,-0.6712977487149175
aggressive,0.7423339536547698,0.65388888888889,0.7468825227362346,1.0,0.04,0.007979561856897273,5.9795991452318775,-0.7449452375570252
